<?xml version="1.0" encoding="utf-8"?>
<extension type="component" method="upgrade" version="4.0">
	<name>com_phocaemail</name>
	<author>Jan Pavelka (www.phoca.cz)</author>
	<creationDate>15/12/2021</creationDate>
	<authorEmail></authorEmail>
	<authorUrl>https://www.phoca.cz</authorUrl>
	<copyright>Jan Pavelka</copyright>
	<license>GNU/GPL</license>
	<version>4.0.0</version>
	<description>COM_PHOCAEMAIL_XML_DESCRIPTION</description>
	<scriptfile>script.php</scriptfile>
	<projectName>PhocaEmail</projectName>

	<install>
		<sql>
			<file driver="mysql" charset="utf8">install/sql/mysql/install.utf8.sql</file>
		</sql>
	</install>

	<uninstall>
		<sql>
			<file driver="mysql" charset="utf8">install/sql/mysql/uninstall.utf8.sql</file>
		</sql>
	</uninstall>

	<update>
		<schemas>
			<schemapath type="mysql">update/sql/mysql</schemapath>
		</schemas>
	</update>

	<files folder="site">
		<folder>controllers</folder>
		<folder>helpers</folder>
		<folder>views</folder>
		<folder>layouts</folder>
		<folder>models</folder>
		<filename>index.html</filename>
		<filename>phocaemail.php</filename>
		<filename>router.php</filename>
		<filename>controller.php</filename>
	</files>

	<media destination="com_phocaemail" folder="media">
		<folder>duotone</folder>
		<folder>css</folder>
		<folder>images</folder>
		<filename>index.html</filename>
	</media>

	<languages folder="admin/language">
		<language tag="en-GB" client="site">en-GB/en-GB.com_phocaemail.ini</language>
		<language tag="en-GB" client="site">en-GB/en-GB.com_phocaemail.sys.ini</language>
	</languages>

	<administration>

		<menu img="media/com_phocaemail/images/administrator/icon-16-pe-menu.png" alt="COM_PHOCAEMAIL" link="option=com_phocaemail">COM_PHOCAEMAIL</menu>

			<submenu>
				<menu img="media/com_phocaemail/images/administrator/icon-16-pe-menu-cp.png" alt="COM_PHOCAEMAIL_CONTROL_PANEL" view="phocaemailcp" link="option=com_phocaemail">COM_PHOCAEMAIL_CONTROL_PANEL</menu>
				<menu img="media/com_phocaemail/images/administrator/icon-16-pe-menu-write.png" alt="COM_PHOCAEMAIL_SEND_EMAIL" view="phocaemailwrite" link="option=com_phocaemail&amp;view=phocaemailwrite">COM_PHOCAEMAIL_SEND_EMAIL</menu>
				<menu img="media/com_phocaemail/images/administrator/icon-16-pe-menu-sendnewsletter.png" alt="COM_PHOCAEMAIL_SEND_NEWSLETTER" view="phocaemailsendnewsletter" link="option=com_phocaemail&amp;view=phocaemailsendnewsletter">COM_PHOCAEMAIL_SEND_NEWSLETTER</menu>
				<menu img="media/com_phocaemail/images/administrator/icon-16-pe-menu-newsletter.png" alt="COM_PHOCAEMAIL_NEWSLETTERS" view="phocaemailnewsletters" link="option=com_phocaemail&amp;view=phocaemailnewsletters">COM_PHOCAEMAIL_NEWSLETTERS</menu>
				<menu img="media/com_phocaemail/images/administrator/icon-16-pe-menu-subscriber.png" alt="COM_PHOCAEMAIL_SUBSCRIBERS" view="phocaemailsubscribers" link="option=com_phocaemail&amp;view=phocaemailsubscribers">COM_PHOCAEMAIL_SUBSCRIBERS</menu>
				<menu img="media/com_phocaemail/images/administrator/icon-16-pe-menu-lists.png" alt="COM_PHOCAEMAIL_MAILING_LISTS" view="phocaemaillists" link="option=com_phocaemail&amp;view=phocaemaillists">COM_PHOCAEMAIL_MAILING_LISTS</menu>
				<menu img="media/com_phocaemail/images/administrator/icon-16-pe-menu-info.png" alt="COM_PHOCAEMAIL_INFO" view="phocaemailinfo" link="option=com_phocaemail&amp;view=phocaemailinfo">COM_PHOCAEMAIL_INFO</menu>
			</submenu>

		<files folder="admin">
			<folder>libraries</folder>
			<folder>controllers</folder>
			<folder>install</folder>
			<folder>update</folder>
			<folder>tables</folder>
			<folder>helpers</folder>
			<folder>views</folder>
			<folder>help</folder>
			<folder>models</folder>
			<filename>index.html</filename>
			<filename>phocaemail.php</filename>
			<filename>config.xml</filename>
			<filename>access.xml</filename>
			<filename>controller.php</filename>
		</files>

		<languages folder="admin/language">
			<language tag="en-GB">en-GB/en-GB.com_phocaemail.ini</language>
			<language tag="en-GB">en-GB/en-GB.com_phocaemail.sys.ini</language>
		</languages>
	</administration>
	
	

	<updateservers>
		<server type="extension" name="COM_PHOCAEMAIL" priority="1"><![CDATA[https://raw.githubusercontent.com/PhocaCz/PhocaEmail/master/manifest.xml]]></server>
	</updateservers>
</extension>
